URL,Pattern,Snippet,Priority,Found_Keywords
https://ssiddique.info/ryzen-or-intel-better-for-programming,Compatibility with development tools,It’s pretty much used in any sort of development,3,development
https://ssiddique.info/ryzen-or-intel-better-for-programming,Compatibility with development tools,"Compatibility with development tools : Investigating how well Ryzen and Intel CPUs work with common programming tools and environments, such as IDEs, compilers, and debuggers",0,"Compatibility, with, development, tools"
https://ssiddique.info/ryzen-or-intel-better-for-programming,Compatibility with development tools,"Brand Loyalty: Intel has been the dominant player in the CPU market for many years, and some users may have a preference for Intel CPUs based on their previous experience or familiarity with the brand",3,with
https://ssiddique.info/ryzen-or-intel-better-for-programming,Compatibility with development tools,These chips are made in such a way that they can tackle a variety of information without putting much load on the system,3,with
https://ssiddique.info/ryzen-or-intel-better-for-programming,Compatibility with development tools,Winner: Ryzen 2)   Single-core Performance A decent single-core performance is a plus for developers as most web applications and their dedicated tools will tend to work with greater efficiency,2,"with, tools"
https://ssiddique.info/ryzen-or-intel-better-for-programming,Compatibility with development tools,"Even with their generation gap, they offer unparalleled single-core performance that can get you up and running within no time",3,with
https://ssiddique.info/ryzen-or-intel-better-for-programming,Compatibility with development tools,"What’s more, is that they support overclocking as long as it’s paired with a reasonable motherboard",3,with
https://ssiddique.info/ryzen-or-intel-better-for-programming,Compatibility with development tools,"Winner: Intel 3)   Power Efficiency Even with more cores, Ryzen processors are known for their power efficiency, which is second to none in the current market",3,with
https://ssiddique.info/ryzen-or-intel-better-for-programming,Compatibility with development tools,"This also means that if you have a Ryzen chip installed in your coding laptop, it will consume less battery while providing you with a decent level of performance",3,with
https://ssiddique.info/ryzen-or-intel-better-for-programming,Compatibility with development tools,"As an amateur programmer, you don’t need the latest and greatest hardware, so sticking with Ryzen definitely seems the right decision",3,with
https://ssiddique.info/ryzen-or-intel-better-for-programming,Compatibility with development tools,"So, you might get a brand-new laptop with the latest features, but it won’t operate at its full potential as long as your CPU is holding it back",3,with
https://ssiddique.info/ryzen-or-intel-better-for-programming,Compatibility with development tools,"However, for development, only one can justify its price tag",3,development
https://ssiddique.info/ryzen-or-intel-better-for-programming,Compatibility with development tools,"i5 113G7 Ryzen 5 5500U Debut Q3 of 2020 Q1 of 2021 Dimensions 10nm FinFET 7nm chip Core/Thread Count 4 core + 8 Thread 6 core + 12 Thread Base clock 2.4GHz 2.1GHz Boost frequency Up to 4.2GHz Up to 4.0 GHz PCIe compatibility Gen4 PCIe Gen3 PCIe Cache Memory 8MB L3 Cache 8MB L3 Cache Memory Bandwidth Up to 3200MHz DDR4 Up to 3200MHz DDR4 TDP 12-28W 10-25W Max Temp 100 105 i-GPU Iris Xe Graphics AMD Radeon Vega 7 Hyperthreading – Enabled Benchmarks Now, let’s take a look at their benchmark scores to see how these CPUs perform in real-world applications",3,Compatibility
https://ssiddique.info/ryzen-or-intel-better-for-programming,Compatibility with development tools,This round clearly belongs to Ryzen thanks to its hexacore processor with multi-threading enabled,3,with
https://ssiddique.info/ryzen-or-intel-better-for-programming,Compatibility with development tools,"FAQ’s Q1, Can I do android development on Ryzen",3,development
https://ssiddique.info/ryzen-or-intel-better-for-programming,Compatibility with development tools,"Q2, Ryzen or intel for game development, which one is better",3,development
https://ssiddique.info/ryzen-or-intel-better-for-programming,Compatibility with development tools,Δ Post Written by Shahid Siddique I am a software engineer with over 10 years of experience in blogging and web development,2,"with, development"
https://ssiddique.info/ryzen-or-intel-better-for-programming,Compatibility with development tools,"I have expertise in both front-end and back-end development, as well as database design, web security, and SEO",3,development
